title,text,label
ABS-CBN News,'Grossly unfair': Duterte blasts Senate for seeking raps vs Cusi over Malampaya deal https://t.co/svBBUjarR3,REAL
ABS-CBN News,"Will Leody De Guzman convince businessmen to vote for him?
#Halalan2022 https://t.co/bPSwM8KCSb",REAL
ABS-CBN News,"Olympics: With rings breaking from block of ice, Games ceremony begins https://t.co/4e4U25ztnZ",REAL
ABS-CBN News,Michael Ver Comaling frustrated after task loss in ‚ÄòPBB‚Äô https://t.co/efexfUsPx6,REAL
ABS-CBN News,"Senate seeks raps vs Cusi, other DOE officials over Malampaya sale https://t.co/zRIZUaXCQs",REAL
ABS-CBN News,"30 million doses of the reformulated Pfizer vaccine have already been purchased by the Philippine gov‚Äôt for the pediatric jab drive, Galvez said.

The first 15 million of those doses are expected to arrive in 2 batches in the 1st &amp; 2nd quarter of 2022. https://t.co/ZuRkc4mQt8",REAL
ABS-CBN News,UN demands Taliban provide info on 2 more missing women https://t.co/mNvX9Dvcfv,REAL
ABS-CBN News,Lovi Poe shares first glimpse of ‚ÄòFlower of Evil‚Äô adaptation with Piolo Pascual https://t.co/bNUnKvm2kj,REAL
ABS-CBN News,Wild Rift: GrindSky Eris to represent PH in SEAG tournament https://t.co/JhQZpQAFkr,REAL
ABS-CBN News,'Bulag sa pag-ibig': Elisse Joson admits giving chance to cheating partner https://t.co/9f8ShgsJhw,REAL
24 Oras,"WE ARE NOW 1 MILLION STRONG ON TIKTOK! üí™üèº

Maraming salamat sa inyong suporta sa 24 Oras TikTok account, mga Kapuso! 

Follow us: https://t.co/RbKeAEBcXi https://t.co/XRrH3Vw8X8",REAL
24 Oras,"RT @GMA_PA: EPISODE 11: MARIANG MAKILING

Sa Laguna, may isang napakagandang babaeng pinaniniwalaang hindi mortal. Siya si Mariang Makiling‚Ä¶",REAL
24 Oras,"Chinese New Year na bukas! Naniniwala ba kayo sa suwerte? Iparinig ang #BosesMo at maaari itong ipalabas sa #24Oras!

STITCH THIS VIDEO:  https://t.co/uDhcE4C1Ea https://t.co/cADG5oBdEl",REAL
24 Oras,Bakit nga kaya? ü§î #KuyaKimAnoNa https://t.co/mYnzZGUVyx,REAL
24 Oras,"VIDEO: Online word game na Wordle, patok sa mga netizen https://t.co/eeaODysuIN https://t.co/NsIekz1Oxu",REAL
24 Oras,"VIDEO: Solo single ni Pablo ng SB19 na ""La Luna,"" trending pa rin 2 araw matapos itong i-release https://t.co/Xmgs7Wt3vp https://t.co/EmXpXI0gf3",REAL
24 Oras,"VIDEO: 24 Oras Weekend Express: January 29, 2022 [HD] https://t.co/stMxQ7WVlo https://t.co/8AKuDOfxTc",REAL
24 Oras,VIDEO: Tuloy ang aktibidad ng mga tumatakbo sa pagka-senador https://t.co/dopGlgdfX7 https://t.co/yJYzDHxtDV,REAL
24 Oras,"VIDEO: Sangkaterbang tamban, nagsitalunan papunta sa bangka ng mga mangingisda https://t.co/YuLu7TmFpQ https://t.co/MAyPCMilOv",REAL
News5,"Inilahad ng presidential candidates na dumalo sa #PanataSaBayan #KBPForum kung bakit sila ang karapat-dapat na iboto ng publiko. Inilatag din nila ang magiging plano ng kani-kanilang administrasyon sakaling manalo sa pagkapangulo. #BilangPilipino2022

https://t.co/VyyfKgFR3l https://t.co/C6SBIQdLxc",REAL
News5,Narito ang mga posisyon ng limang presidential aspirants sa isyu ng reclamation sa bansa. #PanataSaBayan #KBPForum #BilangPilipino2022 https://t.co/ADfDjueSBy,REAL
News5,"Si alpine skier Asa Miller ang flag bearer ng Pilipinas sa #OpeningCeremony ng #Beijing2022 #WinterOlympics. üáµüá≠‚ùÑÔ∏è

Siya ang natatanging pambato ng bansa sa Olympics ngayong taon. Lalahok siya sa giant slalom at slalom events ng alpine skiing.

üì∑: screenshot from One Sports https://t.co/k3eEhxvBwa",REAL
News5,"Simula na ang balitaan at diskusyon para sa paghubog ng matalinong opinyon. Tutok na sa #FrontlineTonight sa @TV5manila, livestream sa https://t.co/ATJft1iMzB at News5 YouTube channel: https://t.co/tTMcVbsFG3 https://t.co/z7RWcAN3ZF",REAL
News5,"""Bad weather here. Been raining since we arrived. Some parts of the island with electricity already. They are happy that we returned today but they said they are still trying to slowly return to normal,"" pagbabahagi ng bise.",REAL
News5,"Matapos ang #PanataSaBayan #KBPForum, nagtungo si presidential aspirant Vice Pres. Leni Robredo sa Siargao para sa turnover ng housing materials sa limang barangay sa munisipalidad ng Del Carmen at Socorro. #BilangPilipino2022

üì∑: Leni Gerona Robredo (Facebook) https://t.co/h3H9DVQEWY",REAL
News5,Dadalo ba si presidential aspirant Bongbong Marcos sa mga susunod na forum at debate kasama ang ilang kandidato? Narito ang sagot ng tagapagsalita niyang si Atty. Vic Rodriguez. | via @dqdevera #BilangPilipino2022 https://t.co/r7FHGfM0bn,REAL
News5,"A pediatricians‚Äô group on Friday assured the vaccination against the coronavirus disease (COVID-19) for children aged five to 11 is safe, urging hesitant parents to consider the benefits of giving adequate protection for their kids.

READ: https://t.co/xUeJV6YTfX https://t.co/5iKORmA6Lb",REAL
News5,"JUST IN | Dumating na sa bansa ang 780,000 doses ng Pfizer #COVID19 vaccines na gagamitin para sa pagbabakuna ng mga edad 5-11.

Magsisimula ang pagbabakuna sa naturang age group sa Feb. 7.

üì∑: screenshot from PTV https://t.co/rSBl0BUGv7",REAL
News5,"Simula sa Feb. 7, may bago na tayong makakasangga sa umaga sa paghahatid ng mga balitang dapat niyong malaman. Kilalanin natin siya! #FrontlinePilipinas

https://t.co/A1LTkIKALS",REAL
TV Patrol,"Agaw eksena ang isang bride na ngayo'y viral na sa social media. 'Yan at ang iba pang nakaaaliw na kulitan sa TikTok, panoorin sa Mga Kwento ni Marc Logan. https://t.co/58Q19ft518",REAL
TV Patrol,Sugatan ang aktor na si Diether Ocampo matapos sumalpok ang minamaneho niyang sasakyan sa isang garbage truck sa Makati City. https://t.co/hutGrw2sgE,REAL
TV Patrol,Arestado ng NBI ang isang babaeng nagpanggap umano na recruiter. Aabot sa higit na 30 ang umano'y biktima niya na ang ilan ay nagbenta pa ng ari-arian para lang may maipambayad sa suspek. https://t.co/mBkPPHCt1M,REAL
TV Patrol,"USO AT BAGO: Sa mga may balak mag-upgrade ng cellphones, may mga bagong labas na smartphones ang isang global tech brand na bagay sa mga mahihilig kumuha ng photos at videos. https://t.co/ciIUPxOSry",REAL
TV Patrol,"Bukod sa mataas na vaccination rate, kailangan ding dumami ang mga establisyimento na may safety seal bago maibaba sa alert level 1 ang isang lugar. https://t.co/uIevcwNuB4",REAL
TV Patrol,"Sa KBP presidential forum, sinagot din ng mga kumakandidato sa pagkapangulo ang ilang isyu mula sa mga rehiyon. 
#Halalan2022 https://t.co/PQE2qSRMdr",REAL
TV Patrol,"May ilan pa ring pag-ulan sa Visayas at Mindanao sa weekend bagama't mababawasan na ito. 

Samantala, malakas na muli ang bugso ng amihan lalo na sa extreme northern Luzon at sa West Philippine Sea. #WeatherPatrol https://t.co/OcoQDAg8Po",REAL
TV Patrol,"Kasado na sa Lunes, Pebrero 7, ang pagbabakuna laban sa COVID-19 sa mga batang edad 5 hanggang 11 sa piling pilot sites sa NCR, Central Luzon, at Calabarzon. https://t.co/P3qsW5zur9",REAL
TV Patrol,Ibibiyahe na sa treatment facility sa Bulacan ang gabundok na hazardous waste sa Quezon Medical Center. https://t.co/95tLmGpxCZ,REAL
TV Patrol,"Bagama't bumababa ang mga kaso ng COVID-19 sa NCR nananatiling mataas ang bilang ng mga naa-admit na pasyente sa ibang rehiyon, ayon sa grupo ng mga pribadong ospital.

At sa ikatlong taon ng pandemya nakararanas na rin anila ng ""mass burnout"" ang mga health workers. https://t.co/paFrxb07A9",REAL
GMA Network,"#BubbleGang #Highlights: The SEARCH IS ON para sa susunod na gaganap bilang 'Invisible Man'! ü¶∏üèª‚Äç‚ôÇÔ∏è Makakahanap kaya sila ng perfect candidate?

I-follow ang @YouLOLGMA at bumisita sa https://t.co/k1qkkBdp6J para sa ibang videos! https://t.co/jAacMCDB7u",REAL
GMA Network,"#Highlights: Lenlen called her Tita Bethany and told her about her argument with Lillian.

Watch fresh episodes of #PrimaDonnasSeason2 here https://t.co/qpzocQpvfT https://t.co/biknt7G5Jn",REAL
GMA Network,"RT @GMADrama: Sa mga sumubaybay mula simula hanggang dulo, maraming salamat sa inyo! 

#ICSYFinalEncounter | The Finale
#ICanSeeYou present‚Ä¶",REAL
GMA Network,"RT @chuckiedreyfus: Grabe. Ang ganda ng #ICSYAlterNate! Sobra! Hindi namin binitawan ng buong pamilya ko. Congrats, @gmanetwork @GMADrama.",REAL
GMA Network,"What do you think it will be? Love or Career? ü§î 
https://t.co/KvxK9z232w",REAL
GMA Network,RT @GMADrama: Ano kaya ang nararamdaman ni Cita? HUHUHU! #ICSYFinalEncounter https://t.co/ktLFcObzJP,REAL
GMA Network,"Maraming salamat #ICSYAlterNate team sa napakahusay na production na ito! Maraming salamat sa pagsubaybay, mga Kapuso! üëèüëèüëè
#ICSYFinalEncounter",REAL
GMA Network,"THAT. LAST. LOOK. 
#ICSYFinalEncounter https://t.co/N6M4H6TsPT",REAL
GMA Network,"Ms. Jackie Lou Blanco, everybody! üëèüëèüëè
#ICSYFinalEncounter",REAL
GMA Network,"Jelai Andres at Buboy Villar, nagdala ng good vibes sa netizens sa pamamagitan ng isang vlog! üòÇ https://t.co/zptlbiiXND",REAL
GMA Pinoy TV,"Aba aba aba, mukhang magkakamabutihan sina Julian at Anna! Todo support naman ang buong barangay! 

Abangan ang nakakakilig na episode ng 'Happy Together' kasama si @MyJaps sa GMA Pinoy TV! https://t.co/yfswcMQ3DC",REAL
GMA Pinoy TV,"Mula Gen Z hanggang sa mga baby boomer, mula sa Pilipinas at sa iba't ibang panig ng mundo, lahat nagkakaisa sa paghataw to the tune of GMA Pinoy TV's newest theme song ""Stronger Together."" Watch this video!

@MyJaps https://t.co/2Ct5GRh0oE",REAL
GMA Pinoy TV,DFA urges MARINA to comply with seafarers' training requirements after failing EU assessment https://t.co/zIFM2botno,REAL
GMA Pinoy TV,"Sino ba naman ang hindi kikiligin kina PGA at Melodear? May special appearance pa nga ang brilyante ng lupa ng Encantadia! 

Abangan ang ""First Lady"" ngayong February 14, 2022 sa GMA Pinoy TV!

@sanya_lopez https://t.co/GqQNAuYQMr",REAL
GMA Pinoy TV,"Tapos na ang pagpapanggap dahil hindi na maitago ang katotohanan. Pero maililihim kaya ni Nate ang kanyang matutuklasan? 

Abangan ang huling linggo ng ""I Can See You: AlterNate"" sa GMA Pinoy TV! @dingdongdantes https://t.co/vxPeGAHn7J",REAL
GMA Pinoy TV,"Ano pa ang hinihintay ninyo, mga Kapuso abroad? Magpadala na ng private message sa ating Facebook page at sabay-sabay po nating salubungin si President Glenn Acosta at ang kanyang First Lady na si Melody Reyes! https://t.co/KKOIlCMinU",REAL
GMA Pinoy TV,"3. Your message should contain the following details: 

First Lady FunCon

Name: 
Country: 
Cable provider: 
Contact number:
Email:
Question for the cast

Winners will receive a confirmation message from GMA Pinoy TV. 

@LegaspiCassy https://t.co/GixicWQ2XB",REAL
GMA Pinoy TV,"MECHANICS: 

1. The promo is open to all existing and new subscribers of GMA Pinoy TV. 
2. Just send us a private message on our official Facebook page to submit your entry. https://t.co/9HP05FR7uA",REAL
GMA Pinoy TV,"Kapuso abroad, ngayong Kapuso month, we've set up a date with you and the cast of ""First Lady""! 

Sali na sa ating ""First Lady FunCon"" kasama sina @sanya_lopez, Alice Dixson, @LegaspiCassy, Joaquin Domagoso at Gabby Concepcion ngayong February 18, 2022, 12 NN (Manila time)! https://t.co/DCAeuuVwvX",REAL
GMA Pinoy TV,You can also watch the premiere of ‚ÄòThe World Between Us‚Äô on @gma_lifetv this February 24! Visit https://t.co/dbfw3A0qf0 for more details!,REAL
PTVph,"Binigyang-diin din ni Vergeire na walang datos na makapagsasabing maaring maging sanhi ng pagkamatay ang bakuna.

(3/3)",REAL
PTVph,"Kaugnay nito, ipinaliwanag ni Vergeire na 97.6% mula sa higit 8 milyong bakunadong bata ay walang naranasang malubhang epekto ng bakuna event batay sa global data at mild lamang kung sakaling magkaroon ng adverse event.

(2/3)",REAL
PTVph,"BASAHIN: Hinihimok ni Health Undersecretary Maria Rosario Vergeire ang mga magulang ng mga batang 5-11 taong gulang na irehistro ang kanilang mga anak para sa bakuna kontra COVID-19.

(1/3) https://t.co/9K1kuRMRr2",REAL
PTVph,"Ayon kay USec. Vergeire, ang pagbabakuna sa mga bata ang mabisang paraan upang sila ay maprotektahan laban sa COVID-19.

(2/2)",REAL
PTVph,"BASAHIN: Pinaalala ni Department of Health (DOH) USec. Maria Rosario Vergeire na iwasang dalhin ng mga magulang ang kanilang mga anak sa mga matataong lugar. Ito ay dahil sa pagtaas ng bilang ng mga batang nagpositibo sa COVID-19.

(1/2) https://t.co/GRBiFrS0Vn",REAL
PTVph,"Dagdag din ni USec. Vergeire na hindi ganoon kadali magdeklara ng end of pandemic sa Pilipinas dahil hindi lang ang bansa ang nakararanas nito.

(2/2)",REAL
PTVph,"BASAHIN: Nilinaw ni Department of Health (DOH) USec. Maria Rosario Vergeire na ang pagiging endemic state ay hindi nangangahulugang pagkakaroon ng milder form ng disease o ng COVID-19 virus.

(1/2) https://t.co/NhDAwh7GUb",REAL
PTVph,"ùêãùêéùêéùêä: PCSO Lottery Draw Results (February 4, 2022 / 9:00 p.m. Draw) https://t.co/Hp1pC5EDlF",REAL
PTVph,"Among those who attended were labor leader Leody de Guzman, Sen. Ping Lacson, Manila Mayor Isko Moreno, Sen. Manny Pacquiao, and Vice President Leni Robredo.

https://t.co/xuJRUy6nI4",REAL
PTVph,"Tiwala din siya na sa kasong ito, ang national interest ng bansa ay naprotektahan at ang karapatan ng gobyerno ay hindi naapektuhan.

(3/3)",REAL
Inquirer,A winter storm that dumped sleet and heavy snow on a wide swath of the central United States this week left hundreds of thousands of homes and businesses without power. https://t.co/adiJotb0dF,REAL
Inquirer,"A court in military-run Myanmar postponed a hearing in the trial of Aung San Suu Kyi this week, a source with knowledge of proceedings said, after media reported the ousted leader had not been feeling well. https://t.co/FtCQXTMkjh",REAL
Inquirer,"India‚Äôs death toll from COVID-19 crossed 500,000 on Friday, a level many health experts say was breached last year but obscured by inaccurate surveys and unaccounted dead in the hinterlands, where millions remain vulnerable to the disease.

READ: https://t.co/k8EzCSnu4F https://t.co/mRWUsl8dpZ",REAL
Inquirer,How to Factory Reset Your Phone https://t.co/GcWrP9Y3zF,REAL
Inquirer,What Is Cache? Everything You Need to Know https://t.co/z9TCARGkoq,REAL
Inquirer,"Fire broke out at the Russian Embassy in Dasmari√±as Village,  Makati City on Friday night, the BFP reported. | @JEMendozaINQ https://t.co/JB9bQMdmZO",REAL
Inquirer,Bruno Mars is coming to Fortnite https://t.co/Lh1kcaGn8Z,REAL
Inquirer,"RT @INQUIRERSports: Chinese President Xi Jinping declared the opening of the Beijing Winter Games, triggering a burst of fireworks that mar‚Ä¶",REAL
Inquirer,"Over 780,000 doses of Pfizer‚Äôs COVID-19 vaccine for children aged 5 to 11 arrived in the country. | @DYGalvezINQ https://t.co/WBCHXuBlZF",REAL
Inquirer,"20% WEALTH TAX. The labor leader and presidential aspirant Leody de Guzman said he will implement a 20-percent wealth tax on the 500 richest Filipinos if elected.

READ: https://t.co/F3fLTcIpSw https://t.co/4qL9On6wDU",REAL
PAGASA-DOST,"Thunderstorm Advisory No. 2 Final NCR_PRSD
Issued at: 9:21 PM,04 February 2022

All Thunderstorm Advisory over NCR-PRSD forecast area are now TERMINATED. However, all are still advised to continue monitoring for updates.",REAL
PAGASA-DOST,"RT @PAGASAFFWS: General Flood Advisories (GFAs) Issued @ 6PM, 04 February 2022

Region 11 (Davao Region) GFA#3
Region 12 (SOCCKSARGEN) GFA#‚Ä¶",REAL
PAGASA-DOST,"RT @PAGASAFFWS: General Flood Advisories (GFAs) Issued @ 6PM, 04 February 2022

Region 5 (Bicol Region) GFA#11
Region 8 (Eastern Visayas) G‚Ä¶",REAL
PAGASA-DOST,"REGIONAL WEATHER FORECAST for #NCR_PRSD
Issued at: 5:00 PM, 04 February 2022
Valid Beginning: 5:00 PM today - 5:00 AM tomorrow

https://t.co/ybJTTF5X0f https://t.co/hnTfccyTpM",REAL
PAGASA-DOST,"Thunderstorm Advisory No. 1 #NCR_PRSD
Issued at: 4:10 PM,04 February 2022 https://t.co/KFaZpd4Vg8",REAL
PAGASA-DOST,"RT @PAGASAFFWS: Hydrological forecast for Bicol River Basin, issued at 9:00 AM, 04 February 2022 https://t.co/DohaRDdviI",REAL
PAGASA-DOST,"RT @PAGASAFFWS: Hydrological forecast for Agno River Basin, issued at 8:30 AM, 04 February 2022 https://t.co/qpe3RGmWeb",REAL
PAGASA-DOST,"RT @PAGASAFFWS: Hydrological Forecast for Cagayan River Basin, issued at 8:00 AM, 04 February 2022 https://t.co/YFZL3Oo1qR",REAL
PAGASA-DOST,"5-DAY REGIONAL WEATHER OUTLOOK for #NCR_PRSD
Issued at: 8:00 AM, 04 February 2022
Valid Beginning: 8:00 AM today - 8:00 AM tomorrow
https://t.co/iIEhcCpKTb",REAL
PAGASA-DOST,"RT @PAGASAFFWS: Dam Updated as of 6:00 AM, 04 February 2022 https://t.co/7Id8Bk0nxt",REAL
DZRH NEWS,"Nasunog ang ikalawang palapag ng Embahada ng Russia sa  Acacia St., Brgy. Dasmari√±as, Makati City. Itinaas ito sa ikalawang alarma at idineklarang fire under control, 9:38 pm | RH27 @cacas_noche üì∑ Makati BFP  #SamaSamaTayoPilipino https://t.co/nH5KQbNrBw",REAL
DZRH NEWS,"UPDATE: Ayon sa BFP-NCR, nasunog ang ikalawang palapag ng Russia Embassy sa Dasmari√±as Village, Acacia St., Brgy. Dasmari√±as, Makati City. Umabot ito sa ikalawang alarma at idineklara ang fire under control, 9:38 pm | RH27 @cacas_noche üì∑ Makati BFP #SamaSamaTayoPilipino https://t.co/9ooWR0t2AO",REAL
DZRH NEWS,"@cacas_noche Ayon sa BFP-NCR, nasunog ang ikalawang palapag ng Russia Embassy sa Dasmari√±as Village, Acacia St., Brgy. Dasmari√±as, Makati City. Umabot na ito sa ikalawang alarma at idineklara ang fire under control, 9:38 pm | RH27 @cacas_noche #SamaSamaTayoPilipino https://t.co/MleopAiKb2",REAL
DZRH NEWS,"#ShowbizTalkGanern na w/ @morlyalinio &amp; @gorgyrulz

Tuloy-tuloy sa pagbabalita.
Tuloy-tuloy sa serbisyo.
#SamaSamaTayoPilipino 

RADIO: DZRH 666 kHz https://t.co/NaB0lPdAk3",REAL
DZRH NEWS,"Sa ngalan ni @ikissmorning , nakasama sa balitaan si @austinmagsino_ sa #TomorrowsNewsTonight 

Tuloy-tuloy sa pagbabalita.
Tuloy-tuloy sa serbisyo.
#SamaSamaTayoPilipino 

FB: https://t.co/U30ZGMKjba https://t.co/YCAbnqscxU",REAL
DZRH NEWS,"Sunog na sumiklab sa exclusive subdivision na 'Dasmari√±as Village' sa Acacia St., Brgy. Dasmari√±as, Makati City, umabot hanggang ikalawang alarma.  Idineklara ng BFP ang under control alas-9:38 ng gabi  | RH27 @cacas_noche #SamaSamaTayoPilipino https://t.co/YtuNbXWznS",REAL
DZRH NEWS,"'FIRST TIME IN THE HISTORY.' 
Ayon kay LTFRB Chairman Martin Delgra, sa pamamagitan ng Central Public Utility Vehicle Monitoring System, mas madaling mamo-monitor ang galaw ng PUVs sa bansa at madali ring maipatatawag ang mga pasaway na driver at operator. | #SamaSamaTayoPilipino https://t.co/qY09kahCXp",REAL
DZRH NEWS,Bantay-sarado sa Land Transportation Office ang mga nag-aalok ng 'carpooling' sa social media kapalit ng malaking bayad. Hinimok din ni LTO Chief Asec. Edgar Galvante ang publiko na i-report sa kanila ang nag-aalok ng ganitong gawain. | #SamaSamaTayoPilipino https://t.co/hRBtoP5bQy,REAL
DZRH NEWS,"Sunog sumiklab sa residential area sa Acacia St., Brgy Dasmari√±as, Makati City itinaas sa unang alarma | RH27 @cacas_noche 

Sa pag-iingat, #SamaSamaTayoPilipino https://t.co/dgsWz8C2Qt",REAL
DZRH NEWS,"Rekumendasyong kasuhan si Sec. Cusi at 11 DOE officials dahil sa Malampaya deal, naisumite na sa Ombudsman

Pinangunahan ni Senate Committee on Energy Chairman Sen. @WinGatchalian74 ang transmittal ng Senate resolution sa anti-graft body alas-10 ng umaga. | #SamaSamaTayoPilipino https://t.co/G1QRtnR1gO",REAL
Rappler,"Jailed opposition Senator Leila De Lima settles for a video call with her ailing and COVID-19 positive mother, who is now in critical care in Naga City.

Full story: https://t.co/It9pfSPWTN https://t.co/6dzHOpjt7M",REAL
Rappler,"The Philippine health department says 69.2% of the reported COVID-19 cases among minors in January 2022 were children aged 0 to 11.

Full story: https://t.co/SVO98KUrZi https://t.co/sVI0OtlNQ0",REAL
Rappler,"Top presidential aspirants, except Bongbong Marcos, highlight their platforms and stand on pressing issues during a virtual Presidential Forum organized by the Kapisanan ng mga Brodkaster ng Pilipinas, Friday, February 4. #PHVote #WeDecide

Updates: https://t.co/VEtlMscEnr https://t.co/jH5ZyDL9tU",REAL
Rappler,"In a joint statement, Russia and China affirm their new relationship is superior to any political or military alliance of the Cold War era. https://t.co/c6Q7R697zc",REAL
Rappler,Watch Rappler‚Äôs evening newscast with Quita Chuatico. https://t.co/PiUZ98VkQH,REAL
Rappler,"'We need to take actions to make Japan attractive in the longer term, a country to be chosen by foreign workers,' says JICA president Shinichi Kitaoka. https://t.co/JWyUBL4TaE",REAL
Rappler,KBP forum quizzes presidential bets on campaign platforms | Evening wRap https://t.co/wlmYAen1Hj,REAL
Rappler,"News Corp believes the threat is contained and employees are being offered guidance, according to a WSJ report, which quoted a person familiar with the matter. https://t.co/h2eIxYIlzx",REAL
Rappler,The hit to living standards is posing a major challenge to the government of British Prime Minister Boris Johnson. https://t.co/FU23mhJNUc,REAL
Rappler,"One of these books is ""The 5 Love Languages by Gary Chapman."" Have you read it? #RapplerReads https://t.co/6sXDdxrIg7",REAL
Unang Hirit,"Presidential aspirant and former senator Ferdinand ""Bongbong"" Marcos Jr. (@bongbongmarcos) will not attend the forum for presidential aspirants on Friday. #UnangHirit

READ: https://t.co/wyFVgucXL6 https://t.co/T1vlFpdSZd",REAL
Unang Hirit,"üé∂ ""ARE YOU READY FOR IT?"" üé∂

New York University is offering a new course on Taylor Swift (@taylorswift13)! #UnangHirit

READ: https://t.co/A6uNfLrRXS https://t.co/i1SxsJmO6Z",REAL
Unang Hirit,Strive for a healthy mind and body! üòç #UHmotivation https://t.co/vMRJALJRSk,REAL
Unang Hirit,"Dear Lord, thank You for wonderfully creating each of us. Thank You for giving us worth in Your eyes. Guide us so we may live Your word. Fill us with Your blessings so we may share them with the rest of the world. Amen! #UnangHirit https://t.co/mDTcvqsJWo",REAL
Unang Hirit,"Jamming time sa Acoustic Mornings kasama ang ating UH barkada na sina Ivan at Mariz!

I-tweet na ang inyong song request at bakit ito ang inyong napili. #UnangHirit https://t.co/o2FfiVRkZ3",REAL
Unang Hirit,"Acoustic mornings with Ivan and Mariz. üíï

Handa na ang banda sa susunod na set! Send in your requests, mga Kapuso! üòÇ #UnangHirit https://t.co/nD67Q3FxVZ",REAL
Unang Hirit,"Mga fully vaccinated kontra COVID-19, hindi na kailangan ng negatibong RT-PCR test kung bibista sa Boracay at Puerto Galera. #UnangHirit 

Basahin: https://t.co/RPI87K4cwT https://t.co/kCDSscH5GV",REAL
Unang Hirit,Start your day right with a cup of coffee. #UHmotivation https://t.co/epN8Ot2eqA,REAL
Unang Hirit,"Father God, thank You for Your unfailing love, blessings and goodness. Thank You for Your words that comfort me. Thank You for taking away my fears, worries and doubts. Amen! #UnangHirit https://t.co/7g9eYOrT5v",REAL
Unang Hirit,Ilabas na ang extra rice! Tiyak na mapaparami ka ng kain sa masasarap na seafood dishes na ito. Alin dito ang paborito mo? üòã #UnangHirit https://t.co/BW5zPOVMyP,REAL
GTV,Kabilang ang 'Tokyo Raiders' starring Tony Leung sa mga pelikulang inihanda ng GTV ngayong weekend. https://t.co/BcTlA4c0ik,REAL
GTV,May local and international food trip tayo ngayong February 5 sa #TasteBuddies! https://t.co/JP4RILkL2a,REAL
GTV,"Thai television series na #GirlNextRoom, malapit nang mapanood sa GTV! https://t.co/h9koIXQYkP",REAL
GTV,Siguraduhin na nakakabit sa iyo ang suwerte sa tulong ng mga pampaswerteng ito! https://t.co/NKsKzCsnqr,REAL
GTV,"Bukod sa dikya at lambis-lambis, ginagamit din ang baboy-baboy bilang sangkap sa adobo at halang-halang. Paano nga ba ito niluluto?  https://t.co/hkSHYwi9e9",REAL
GTV,"Binabalik-balikan ng mga turista sa Balicasag Island, Bohol ang kanilang sariwang mga inihahaing seafood dish. Kasama na rito ang sikat na Balicasag Island soup at sizzling seafood. üòã https://t.co/pJSoelqyUd",REAL
GTV,"Matapos manghuli ng bubog lutaw o jellyfish, titikman ito ni Kara David! Ano kaya ang lasa nito? https://t.co/LN0QF9EkKj",REAL
GTV,Bilang na bilang lang sa Pilipinas ang natitirang mga Philippine Eagle. Alagang-alaga ang mga ito dahil isang itlog lang kada dalawang taon kung mangitlog ang mga ibon na ito. Panoorin ang video. https://t.co/QqeZz1N7CH,REAL
GTV,15 na probinsya at mahigit 50 bayan gamit ang bike? Posible 'yan sa mga bike-packer! üòé https://t.co/mJqpU02D68,REAL
GTV,"Ang malapot na sabaw ng kaldereta, gawa sa sardinas? Ito ang pinabonggang recipe ni Chef Jose gamit ang readily available ulam sa delata na sardinas. üòã https://t.co/jFK8449ghr",REAL
TV5,"Bago magkaroon ng Superman o Man of Steel, merong Seg-El na lumaban para maisalba ang kanilang planeta.

Simula bukas, masusubaybayan niyo na ang kuwento ng angkan ng mga El sa KRYPTON, 8:30 PM dito lang sa #TV5TodoMaxWeekend!

#IBAsa5 https://t.co/uTK2TBKZ8k",REAL
TV5,"Nawawala na ba ang galit ni Raven kay Rica?

#ViralScandalTV5
#TodoMaxPrimetimeSingko
#IBAsa5 https://t.co/ltSxIAv9BU",REAL
TV5,"üì∫: #ViralScandalTV5

#TodoMaxPrimetimeSingko
#IBAsa5 https://t.co/BDdqu0vC5U",REAL
TV5,"Isang malaking sampal kay Jill ang pagdadalang-tao ni Lexy

#TheBrokenMarriageVowTV5
#TodoMaxPrimetimeSingko
#IBAsa5 https://t.co/1c4HCuvA1Z",REAL
TV5,"Success ang proposal ni David sa Lucero Land

#TheBrokenMarriageVowTV5
#TodoMaxPrimetimeSingko
#IBAsa5 https://t.co/PFUmFsOZe6",REAL
TV5,"Lexy is pregnant! üò≥

#TheBrokenMarriageVowTV5
#TodoMaxPrimetimeSingko
#IBAsa5 https://t.co/RqEvPVpQUi",REAL
TV5,"Nag-present ng project si David sa tatay ni Lexy pero mukhang 'di siya sang-ayon sa plano nito

#TheBrokenMarriageVowTV5
#TodoMaxPrimetimeSingko
#IBAsa5 https://t.co/LO1Oaeq5E4",REAL
TV5,"Nagtagpo ang kabit at legal wife

#TheBrokenMarriageVowTV5
#TodoMaxPrimetimeSingko
#IBAsa5 https://t.co/9GntQCcekU",REAL
TV5,"Si Dr. Jill ang titingin kay Lexy

#TheBrokenMarriageVowTV5
#TodoMaxPrimetimeSingko
#IBAsa5 https://t.co/1iNGudxOES",REAL
TV5,"üì∫: #TheBrokenMarriageVowTV5

#TodoMaxPrimetimeSingko
#IBAsa5 https://t.co/eficzcwiY3",REAL
ABS-CBN News Channel,"Asa Miller carries PH flag in 2022 Beijing Winter Olympics

https://t.co/kwfKf7PS4j",REAL
ABS-CBN News Channel,"Olympics: With rings breaking from block of ice, Games ceremony begins

https://t.co/XOKVlMpRT0",REAL
ABS-CBN News Channel,"DFA: Pinoy seafarers' livelihood at stake if Marina fails to address deficiencies

https://t.co/gR3OSxvBmp",REAL
ABS-CBN News Channel,"Wild Rift: GrindSky Eris to represent PH in SEAG tournament

https://t.co/PCTDCpOiWm",REAL
ABS-CBN News Channel,"Galvez: ‚Äú‚Ä¶many people, many parents, &amp; also overwhelmingly ang ating mamamayan susuportahan tayo dahil nakikita natin na malaki ang pakinabang ng bakuna dito sa pandemya. We cannot go out to the new normal w/o the vaccine. So nakikita namin we will proceed.‚Äù | @anjo_bagaoisan",REAL
ABS-CBN News Channel,"Galvez says immunization of 5-11 year olds will proceed despite a court petition in Quezon City by 2 parents to stop the drive.

‚ÄúMay kumpiyansa kami na makikita ng ating judges ‚Äòyong magiging merit ng TRO, and we are confident that‚Ä¶‚Äù | via @anjo_bagaoisan https://t.co/11rNvr90ob",REAL
ABS-CBN News Channel,RT @ancxph: This Filipino artist‚Äôs charcoal painting of an iconic Michael Jordan moment is now worth millions after the basketball legend p‚Ä¶,REAL
ABS-CBN News Channel,"Senate seeks raps vs Cusi, other DOE officials over Malampaya sale

https://t.co/0ROBVQLg2M",REAL
ABS-CBN News Channel,NTF COVID-19 chief implementer Sec. Carlito Galvez Jr &amp; US Embassy charge d‚Äôaffaires Heather Variava lead the delegation that welcomed the arrival of the first batch of vaccines for 5-11 year olds #COVID19VaccinePH | via @anjo_bagaoisan https://t.co/oUeiTZzQrF,REAL
ABS-CBN News Channel,"780,000 Pfizer vaccines, which the PH gov‚Äôt bought through World Bank, form the batch that arrived on Friday.

Only Pfizer is currently approved for use by the PH FDA for 5-11 year olds. The dose for the age group is a different formulation from that given to older ages. https://t.co/71ZFL2D9xJ",REAL
Philstar.com,"Here are the top stories of the day (February 4, 2022).

READ: 
‚óæÔ∏èhttps://t.co/hNx87nJfWT
‚óæÔ∏èhttps://t.co/JFLsoXPoPu
‚óæÔ∏èhttps://t.co/nA0RBysuZl
‚óæÔ∏èhttps://t.co/03qa0JeVqx
‚óæÔ∏èhttps://t.co/FMTldSPMQi https://t.co/3aPjUAhQXO",REAL
Philstar.com,"RT @PhilstarMusic: .#NickiMinaj (@NICKIMINAJ) is back with cinematic music video for '#DoWeHaveAProblem ' 

https://t.co/gU5P7ZMeEb",REAL
Philstar.com,ALERT: Fire hits Acacia St. at Dasmari√±as Village in Makati City. Now on second alarm. | via @txtfire https://t.co/uwb51hb1p8,REAL
Philstar.com,"WATCH: Vice President Leni Robredo vows to prosecute those who are involved in the PDAF scam.

#BilangPilipino2022

üé•: KBP https://t.co/PYa5tq3jTr",REAL
Philstar.com,"RT @interaksyon: ""This is EAT!""

Literal ""food trip"" at these LRT-1 (@officialLRT1) stations! üòã

https://t.co/Rin9zTu55V",REAL
Philstar.com,"RT @interaksyon: The post featured a photo of Vice President Leni Robredo doing a finger heart gesture.

https://t.co/b8UEaNMtoe",REAL
Philstar.com,"WATCH: Vice President Leni Robredo says transparent measures will be certified as 'urgent' if elected president. #BilangPilipino2022

üé•: KBP https://t.co/FAtDv6Cond",REAL
Philstar.com,"RT @interaksyon: Under the proposed Sim Registration Act, anonymous online defamation, trolling, hate speech are considered ""crimes.""

http‚Ä¶",REAL
Philstar.com,"Will presidential aspirants approve the creation of a state corporation that will manage Boracay Island, a proposal that was criticized by local officials, non-governmental organizations and religious groups? https://t.co/5FUSGNprm8",REAL
Philstar.com,"HOW WILL YOU ADDRESS THE PROBLEM OF DRUGS AND CONGESTION OF JAIL FACILITIES?

WATCH: Here's how the presidential candidates answer this question during the Presidential Forum. 

üé•: KBP https://t.co/hCKQ6vAJpy",REAL
KapusoMoJessicaSoho,"Narito ang mga nanalo sa KA-SELFIE MO, JESSICA SOHO na makakatanggap ng P5,000 each!

Galing sila sa iba't ibang bahagi ng Luzon, Visayas at Mindanao. Congratulations! ‚ù§

Hintayin lang po ang mensahe sa inyo ng aming staff para sa pagtanggap n'yo ng premyo! #KMJS https://t.co/sAyve19zHr",REAL
KapusoMoJessicaSoho,"Narito ang mga nanalo sa KA-SELFIE MO, JESSICA SOHO na makakatanggap ng P5,000 each!

Galing sila sa iba't ibang bahagi ng Luzon, Visayas at Mindanao. Congratulations! ‚ù§

Hintayin lang po ang mensahe sa inyo ng aming staff para sa pagtanggap n'yo ng premyo! #KMJS https://t.co/QVwVUJHuTy",REAL
KapusoMoJessicaSoho,Maraming salamat po sa panonood! See you next week! #KMJS,REAL
KapusoMoJessicaSoho,"Para sa chance manalo ng P5,000, i-comment lang ang tamang sagot at mag-register sa link na ito: https://t.co/5fd7SUZMsE! Samahan din ng selfie habang nanonood ng last segment ng #KMJS! https://t.co/ylXJBZ9Dnl",REAL
KapusoMoJessicaSoho,"Tweet na para sa chance manalo ng P5,000!

'Wag kalimutang i-submit ang inyong Tweets dito: https://t.co/um31za5xG8

Siguraduhin ding naka-PUBLIC ang inyong Twitter account. 

#KMJS https://t.co/jncckWLsNE",REAL
KapusoMoJessicaSoho,NOW AIRING: ELECTRI-CUTIE #KMJS https://t.co/3PAl7lSdyg,REAL
KapusoMoJessicaSoho,NOW AIRING: ANG IKALAWANG INA #KMJS https://t.co/rah4azNdt9,REAL
KapusoMoJessicaSoho,NOW AIRING: NANANAGA NG BATA? #KMJS https://t.co/AlwSyGIgsG,REAL
KapusoMoJessicaSoho,"Para sa mga nais tumulong, maaaring magdeposito sa:
BDO 
Account name: MARIA LUZ L. GUANZON
Account number: 0054 1037 5913
HAGONOY, BULACAN BRANCH

#KMJS https://t.co/E67ujXY0zh",REAL
KapusoMoJessicaSoho,"Tweet na para sa chance manalo ng P5,000!

'Wag kalimutang i-submit ang inyong Tweets dito: https://t.co/um31z9Nos0

Siguraduhin ding naka-PUBLIC ang inyong Twitter account. 

#KMJS https://t.co/jncckWtjzw",REAL
GMA News,"Senate resolution na inirerekomendang kasuhan si DOE Sec. Cusi at 11 pang opisyal, inihain sa Ombudsman. | February 4, 2022 https://t.co/TWNz0DEKtH",REAL
GMA News,"A fire broke out at the Russian Embassy in Barangay Dasmari√±as, Makati City on Friday night, the Bureau of Fire Protection said.

https://t.co/NBxjXAKC0J",REAL
GMA News,"A total of 780,000 doses of Pfizer COVID-19 vaccine for children aged 5 to 11 arrived in the country on Friday night.

https://t.co/foSZUvpkzF",REAL
GMA News,"RT @gmasportsph: The #Beijing2022 Winter Games is now open! Here are some scenes from the opening ceremony.

Visit https://t.co/K9jJDOXjil‚Ä¶",REAL
GMA News,"Pirma na lang ni Pangulong Duterte ang hinihintay bago maisa-batas ang Sim Card Registration Bill.

Ang ilang retailer at telecom company, suportado ang batas na makakatulong daw sa pagsugpo ng mga panloloko online. | February 4, 2022 https://t.co/LZDylc7kHY",REAL
GMA News,"800,000 strong on TikTok! 

Follow us: https://t.co/AzEOVBIanu https://t.co/TG2nnHMPFF",REAL
GMA News,"Sugatan ang aktor na si Diether Ocampo matapos bumangga ang minamaneho niyang sasakyan sa isang dump truck sa Makati. | February 4, 2022 https://t.co/bpRi4qdTFS",REAL
GMA News,"COVID-19 active cases, bumaba pa sa 151,389 matapos makapagtala ng 10,474 recoveries | February 4, 2022 https://t.co/yQueoZSA1g",REAL
GMA News,"For many Filipinos, the sound of chickens crowing marks the start of a brand new day.

But can chickens tell the time?

https://t.co/ZUZ81ZkQF2",REAL
GMA News,"RT @gmasportsph: Let the #Beijing2022 Winter Olympics begin!

(Photo: @Olympics) https://t.co/szyPq9pB7G",REAL
GMA Public Affairs,The Controversial Beijing 2022 Olympics #SFT https://t.co/sZBJHMJPPp,REAL
GMA Public Affairs,"RT @GoodNewsGTV: #GoodNews para sa mga hindi pa nakaka-move on kay 'ex'!

NEW TIME SLOT: 9:05 PM | SAT | GTV https://t.co/fLBENjjrjw",REAL
GMA Public Affairs,"Search for ""The Howie Severino Podcast"" on Spotify, Apple Podcasts, Google Podcasts and other streaming platforms to listen for free! 

LISTEN FOR FREE HERE:
Spotify: https://t.co/rcrTU0xWMT
Apple Podcasts: https://t.co/mM4eBYFRMV
Google Podcasts: https://t.co/sLrIoYsV4K",REAL
GMA Public Affairs,"Biggest congratulations to Direk Marty and the whole ‚ÄúLeonor Will Never Die‚Äù team!

Find out more about the award-winning director‚Äôs filmmaking process on #THSPDirekMartikaEscobar. https://t.co/vYTwQuZfSR",REAL
GMA Public Affairs,"Ano ang status ng COMELEC voter registration mo? #Eleksyon2022 #DapatTotoo 

FOLLOW US ON TIKTOK FOR MORE: https://t.co/R3dAHYEweO https://t.co/RdBQO8DFwZ",REAL
GMA Public Affairs,"RT @IWitnessGMA: Makalipas ang isang taon, paano nga ba hinaharap ni Nanay Naring ang mga bagong hamon sa buhay niya?

Abangan ang pinakaba‚Ä¶",REAL
GMA Public Affairs,"Babae, tinubuan ng bukol na sinlaki ng basketball | Public Affairs Exclusives https://t.co/EXGzsghgWK",REAL
GMA Public Affairs,"Mga ka-SFT! Kung kayo ang tatanungin, pabor ba kayo sa pagpayag ng gobyerno na papasukin ang mga foreigner for business and tourism purposes? #ForTheRecord https://t.co/I5Wn2Ivfmt",REAL
GMA Public Affairs,"Kaway-kaway, Lanzones lovers! 

‚ú® LISTEN FOR FREE NOW ‚ú®
EPISODE LINK: https://t.co/ELaen98bNV
PODCAST LINK: https://t.co/UJimKnjj1r https://t.co/RzEHWj02Id",REAL
GMA Public Affairs,"RT @GoodNewsGTV: 10,474 NEW COVID-19 RECOVERIES

10,474 pang COVID-19 patients ang naka-recover sa sakit ayon sa Department of Health ngayo‚Ä¶",REAL
Manila Bulletin News,"The Department of Education expressed readiness to assist public schools should they need additional funds for the implementation of progressive face-to-face classes.

https://t.co/0h4XrTVKLA",REAL
Manila Bulletin News,"A fire has hit the Embassy of the Russian Federation located on Acacia St. Barangay Dasmari√±as, Makati City on Friday night, Feb. 4.

https://t.co/EJXy2PIOrM",REAL
Manila Bulletin News,"Argentine police seized vast quantities of cocaine likely laced with opioids and made several arrests after 22 people died and dozens ended up in hospital poisoned in Buenos Aires.

https://t.co/1CaIYbIUVz",REAL
Manila Bulletin News,RT @mbsportsonline: This will be Miller‚Äôs second appearance in the Winter Olympics as he had already participated in the 2018 edition held‚Ä¶,REAL
Manila Bulletin News,"The Bangsamoro Autonomous Region in Muslim Mindanao has forged an agreement with the regional police office to enhance security for tourists and tourist spots in the region.

https://t.co/qzZQnbHP5v",REAL
Manila Bulletin News,"The Omicron-driven surge in Metro Cebu has already reached its peak and new COVID-19 cases are already on a downtrend.

https://t.co/iIVj8ZKtzK",REAL
Manila Bulletin News,"US Embassy Charge d'Affaires Heather Variava says Pfizer's pediatric vaccine will allow children to get back to face to face learning. 

""It will allow them to play with their friends and do important socializing,"" she adds. | via @MB_mrtnsdngdng",REAL
Manila Bulletin News,"Gamble: I urge all the Filipinos, as the rest of these 15 million doses come in, to bring your children out, get vaccinated, and let's get this country back open. | via @MB_mrtnsdngdng",REAL
Manila Bulletin News,"Even with the continuing threat of COVID-19, the provincial government of Iloilo is also heightening measures against mosquito-borne disease dengue.

https://t.co/mPdYDhUcBU",REAL
Manila Bulletin News,"Gamble said his two kids have been fully vaccinated against COVID-19: Right from me, as a parent, I could tell you that the vaccines are safe, they have taken two shots, they are doing well, and they are so excited to go back to in-person learning. | via @MB_mrtnsdngdng",REAL
ABS-CBN News Showbiz,Lovi Poe shares first glimpse of ‚ÄòFlower of Evil‚Äô adaptation with Piolo Pascual https://t.co/YR6rkYKrcj,REAL
ABS-CBN News Showbiz,Michael Ver Comaling frustrated after task loss in ‚ÄòPBB‚Äô https://t.co/myZ41CMCg3,REAL
ABS-CBN News Showbiz,LOOK: Elaborate couple pose marks Derek Ramsay and Ellen Adarna‚Äôs first year together https://t.co/CQWLacaRyT,REAL
ABS-CBN News Showbiz,Movie review: 'Scream' is a robust sequel and reboot https://t.co/gJQ1E626aS,REAL
ABS-CBN News Showbiz,"Barbie Imperial, hurado sa 'Sexy Babe' ng 'Showtime' https://t.co/ObcwtpUAiI",REAL
ABS-CBN News Showbiz,KD Estrada considers Alexa Ilacad one of his greatest blessings https://t.co/5NivA25NcV,REAL
ABS-CBN News Showbiz,3 pelikula ng MMFF 2021 mapapanood na sa KTX https://t.co/TO17duqC2F,REAL
ABS-CBN News Showbiz,"Melai Cantiveros, pinalagan ang basher ng anak https://t.co/ZAbigAOsXr",REAL
ABS-CBN News Showbiz,No pulling punches: ‚ÄòAng Probinsyano‚Äô breaks own live viewership record with ‚ÄòRambol‚Äô episode https://t.co/ptt5rsYEsP,REAL
ABS-CBN News Showbiz,You‚Äôll be safe here? Maris Racal at peace with Rico Blanco https://t.co/wLmRFrDPnj,REAL
I-Witness,"Makalipas ang isang taon, paano nga ba hinaharap ni Nanay Naring ang mga bagong hamon sa buhay niya?

Abangan ang pinakabagong dokumentaryo ni @atomaraullo na ""Ang Dangwa at si Nanay Naring"" ngayong Sabado, 10:30 PM, sa GMA Network!

#IWitness
#AngDangwaAtSiNanayNaring https://t.co/7z6x0Sb93c",REAL
I-Witness,"Alam n'yo bang si @atomaraullo mismo ang nag-shoot ng kanyang pinakabagong I-Witness documentary? Mas kaabang-abang! ‚ù§Ô∏è

Abangan #AngDangwaAtSiNanayNaring ngayong Sabado, 10:30 PM, sa GMA Network! #IWitness https://t.co/6NXCEc3qy3",REAL
I-Witness,"Abangan ang pinakabagong dokumentaryo ni @atomaraullo na ""Ang Dangwa at si Nanay Naring"" ngayong Sabado, 10:30 PM, sa GMA Network!

#IWitness
#AngDangwaAtSiNanayNaring https://t.co/MyTCJQJZxF",REAL
I-Witness,"Mahirap na ang buhay noon ni Nanay Naring. Pero sa muling pagbisita ni Atom sa kanya, naging mas masalimuot pa pala ang kanyang naging kuwento.

Ano nga ba ang pangyayaring mas nagpabigat sa pinagdaraanan niya?

#IWitness
#AngDangwaAtSiNanayNaring",REAL
I-Witness,"Pebrero noong isang taon nang unang makilala ni Atom Araullo si Nanay Naring, isang flower vendor sa tabing kalsada. Namimitas siya ng mga ligaw na bulaklak sa mga gubat ng Rodriguez, Rizal para ibenta sa Dangwa sa Maynila.

#IWitness
#AngDangwaAtSiNanayNaring https://t.co/OQ3VxNHOfU",REAL
I-Witness,Don't send the wrong message. I-take note ito bago mo siya bigyan ng bulaklak! #IWitness https://t.co/xsUm4QlSsu,REAL
I-Witness,"Uyyy, kinilig siya! Kuwento naman d'yan! ‚ù§Ô∏è #IWitness https://t.co/iJ2zMa5fsp",REAL
I-Witness,"Maraming salamat sa inyong walang-sawang suporta at pagsubaybay sa #IWitness tuwing Sabado ng gabi, mga Kapuso! ‚ù§Ô∏è

Balikan ang full episode ng #PrinsesaNgBuhayKo sa GMA Public Affairs YouTube channel: https://t.co/pszuMNxR2X https://t.co/GV7IoPu9dw",REAL
I-Witness,"""Kayang abutin ng maliliit na tao ang malalaking pangarap."" 

Maraming salamat sa inyong pagsubaybay sa #PrinsesaNgBuhayKo ngayong gabi. Ano ang natutuhan ninyo mula rito? #IWitness https://t.co/e5F38NRDQU",REAL
I-Witness,"Nagsisimula na ang #PrinsesaNgBuhayKo, dokumentaryo ni @Howieseverino, sa GMA Network. Sabay-sabay tayong manood at ma-inspire sa kuwento ng pamilya Berry. #IWitness https://t.co/aanUkHavqz",REAL
SAKSI,VIDEO: 313 residente sa Davao Oriental nakaranas ng pagdurumi at pagsusuka dahil sa kontaminadong tubig https://t.co/ZmOEHsFeEr https://t.co/kK5NHBH9DL,REAL
SAKSI,"VIDEO: DSWD, ire-review ang social pension na binibigay sa mahihirap na senior citizen https://t.co/RFSPSR0VV5 https://t.co/edod2xydZq",REAL
SAKSI,VIDEO: Petsang 02-02-2022 ngayong araw mabenta sa mga nagpapakasal at tumataya sa lotto https://t.co/93PPi3STOD https://t.co/HOtSOJxO7O,REAL
SAKSI,"VIDEO: Comm. Guanzon, isiniwalat na kay Sen. Sotto ang pangalan ng senador na may kaugnayan umano sa pagka-delay ng desisyon https://t.co/FH2FvSR0rH https://t.co/JCo3NMsQ3u",REAL
SAKSI,"VIDEO: SBRC partial report: PRRD, may pananagutan sa gov't- Pharmally deals; tinraydor daw ng Pangulo ang tiwala ng publiko https://t.co/urm1lhGjx7 https://t.co/9ITBzbmAKf",REAL
SAKSI,"VIDEO: Ilang presidential at vice presidential aspirants, tinalakay ang pagtugon sa iba't-ibang isyu ng bansa https://t.co/sQitHAr4bF https://t.co/ZpUeuvrjYm",REAL
SAKSI,"VIDEO: P1 million cash gift sa mga aabot sa edad 101 pataas, aprubado sa Kamara https://t.co/Qk36dJ0lg5 https://t.co/NtBfYk4PyO",REAL
SAKSI,"VIDEO: Presyo ng ilang produktong petrolyo, tataas https://t.co/szOPKGBjf2 https://t.co/9d0lh2N5fq",REAL
SAKSI,"VIDEO: Ilang aspirants sa Eleksyon 2022, dumalo sa iba't-ibang aktibidad https://t.co/VMzSQ38pnd https://t.co/1Yh6rEmzoh",REAL
SAKSI,VIDEO: Comm. Guanzon: Malinaw na hindi nagbayad ng buwis si Marcos Jr. habang vice governor at governor siya noong 1982‚Äì1985 https://t.co/YK0DxNddoa https://t.co/xhiBxnqohi,REAL
CNN Philippines,"LOOK: Fire hits the Russian Embassy in Makati City.

üì∑: Bureau of Fire Protection-Makati https://t.co/LMstIj5yOG",REAL
CNN Philippines,Among the factors cited by the Budget department were public construction activities allowed even in areas under tighter COVID-19 restrictions. https://t.co/JdbNJUCl48,REAL
CNN Philippines,America's jobs recovery got an unexpected boost in January despite the Omicron variant spreading rapidly throughout the country. https://t.co/vIyVVnoN79,REAL
CNN Philippines,There are signs of TV news turmoil in every direction. https://t.co/wgQOlPMRET,REAL
CNN Philippines,"Rotterdam is considering a request to dismantle part of a historic bridge to allow a yacht reportedly owned by Amazon founder Jeff Bezos to leave the shipyard where it is being built. 

Read the story: https://t.co/V8RxjbtH7K https://t.co/st1awd0z6z",REAL
CNN Philippines,"BREAKING: After being delayed for a day, 780,000 Pfizer doses procured by the national government for the vaccination of children aged 5-11 arrived Friday night. https://t.co/w2TlzxMLL8",REAL
CNN Philippines,"""This casts undue, undeserved, and unwarranted aspersion on the part of some of our key government officials. This is grossly unfair to them and to the public,"" says the President.

Details here: https://t.co/BSRB3RIoX9 https://t.co/pEC0wCvLIf",REAL
CNN Philippines,"BREAKING: The country receives 780,000 Pfizer COVID-19 vaccine doses procured by the national government.

The newly delivered shots will be used for the vaccination of children aged 5-11 starting Feb. 7. https://t.co/sDo55hP4UB https://t.co/K5fuKcBvQF",REAL
CNN Philippines,"The Manila mayor stresses the country's interests must always come first when signing deals with foreign investors. #KBPForum 
#PanataSaBayan
#TheFilipinoVotes üáµüá≠  

Read the story: https://t.co/nbUC7A3rFr https://t.co/J9aYledgrV",REAL
CNN Philippines,Bonnici: We need ideas and collaboration but we also need decisions about future societies and systems to be inclusive of voices of people who don‚Äôt normally get a voice.,REAL
ABS-CBN Entertainment,"Masakit para sa anak ang marinig ang pagtatalo ng mga magulang, lalo na ang paghihiwalay ng mga ito. Panooring muli sa #ViralScandal kung ano ang mga narinig ni Raven mula kina Troy at Audrey.

https://t.co/qV0BuEK9E0 https://t.co/TQccssUSMc",REAL
ABS-CBN Entertainment,"Ang dami nilang pinagdaanan, umabot din tayo sa katapusan üíÉ

‚ÄòWag palampasin ang huling gabi ng #LaVidaLena sa ABS-CBN YouTube! https://t.co/1vV31FUJaa",REAL
ABS-CBN Entertainment,"Matindi ang tiwalang ibinigay ni Armando kay Cardo sa misyon nila laban kay Don Ignacio. PANOORIN: #FPJsAngProbinsyano

https://t.co/HRJbKsbjNn https://t.co/OlPbQqn0sF",REAL
ABS-CBN Entertainment,"Nagbanta si Melai na ipapahanap at idedemanda niya ang netizen dahil sa sinabi nito tungkol sa kanyang anak. #CelebrityNews #Kapamilya TINGNAN:
https://t.co/FHPFxVjke7",REAL
ABS-CBN Entertainment,"Get to know more these five online personalities who are nominated for the ‚ÄúContent Creator of the Year‚Äù. See more HERE: #2021PushAwards
https://t.co/n3GvA17ar0",REAL
ABS-CBN Entertainment,"#Kapamilya, check out SamLy‚Äôs fun ‚Äòkwentuhan‚Äô and challenge with DJ Jhai Ho in this episode of #Hotspot. WATCH HERE:
https://t.co/C3kB7L6c9o",REAL
ABS-CBN Entertainment,"Charlie: ""Yung love ko talaga kay ate ertenal na kahit gaano..."" Alamin ang naging pahayag nito sa #MagandangBuhay 
https://t.co/mzrMteYgJ1",REAL
ABS-CBN Entertainment,"Ano ang iyong biggest WHAT IF? ü§î

Sa #MashingMachine, no more ‚Äúwhat ifs‚Äù dahil we mixed and matched your fave love teams and seryes‚Äîwatch all episodes now! https://t.co/0YVPVGTgGF https://t.co/8m4YapyO8F",REAL
ABS-CBN Entertainment,"Tuluyan na nga bang magkaayos si Kyle at Rica? Alamin 'yan dito sa #ViralScandal

https://t.co/qV0BuEsyfq https://t.co/nc27V4wMST",REAL
ABS-CBN Entertainment,"‚ÄúI‚Äôve always believed that a woman‚Äôs best kept beauty secret is her disposition. Because your attitude, the way your look at life and things emanates from within..."" #CelebrityNews #Kapamilya See full details HERE: 
https://t.co/d18ULpP9Bi",REAL
PHIVOLCS-DOST,"#EarthquakePH #EarthquakeSurigaoDelSur
Earthquake Information No.1
Date and Time: 04 Feb 2022 - 09:29 PM
Magnitude = 2.2
Depth = 026 kilometers
Location = 08.09N, 126.85E - 049 km N 83¬∞ E of Lingig (Surigao Del Sur)

https://t.co/163g8lMrqD https://t.co/riqUhCcopI",REAL
PHIVOLCS-DOST,"#EarthquakePH #EarthquakeBatanes
Earthquake Information No.1
Date and Time: 04 Feb 2022 - 08:44 PM
Magnitude = 2.9
Depth = 004 kilometers
Location = 20.69N, 122.75E - 086 km N 72¬∞ E of Basco (Batanes)

https://t.co/5EoEj5ci7f https://t.co/Wmr5o6cwJi",REAL
PHIVOLCS-DOST,"#EarthquakePH #EarthquakeDavaoOccidental
Earthquake Information No.1
Date and Time: 04 Feb 2022 - 07:29 PM
Magnitude = 2.9
Depth = 021 kilometers
Location = 04.86N, 124.73E - 097 km S 51¬∞ W of Balut Island (Municipality Of Sarangani) (Davao Occidental)

https://t.co/uBc9zzOGzF https://t.co/Qg48nMoWpb",REAL
PHIVOLCS-DOST,"#EarthquakePH #EarthquakeCamarinesNorte
Earthquake Information No.1
Date and Time: 04 Feb 2022 - 05:30 PM
Magnitude = 2.1
Depth = 001 kilometers
Location = 14.67N, 123.70E - 084 km N 75¬∞ E of Tinaga Island (Vinzons) (Camarines Norte)

https://t.co/H771vDthb9 https://t.co/bxLSN36kNA",REAL
PHIVOLCS-DOST,"#EarthquakePH #EarthquakeDavaoOccidental
Earthquake Information No.1
Date and Time: 04 Feb 2022 - 03:24 PM
Magnitude = 3.3
Depth = 152 kilometers
Location = 05.84N, 125.99E - 039 km S 79¬∞ E of Jose Abad Santos (Davao Occidental)

https://t.co/SeBwmRYvtf https://t.co/q2QA6f03ov",REAL
PHIVOLCS-DOST,"#EarthquakePH #EarthquakeLeyte
Earthquake Information No.1
Date and Time: 04 Feb 2022 - 01:41 PM
Magnitude = 2.6
Depth = 188 kilometers
Location = 11.16N, 125.05E - 006 km N 86¬∞ E of Palo (Leyte)

https://t.co/6MCmwhl6UB https://t.co/KQNe3chuiB",REAL
PHIVOLCS-DOST,"#EarthquakePH #EarthquakeNegrosOccidental
Earthquake Information No.1
Date and Time: 04 Feb 2022 - 01:12 PM
Magnitude = 2.6
Depth = 016 kilometers
Location = 09.65N, 122.36E - 013 km N 67¬∞ W of Hinoba-an (Negros Occidental)

https://t.co/R6VQACUxJC https://t.co/NDS0nwarG6",REAL
PHIVOLCS-DOST,"#EarthquakePH #EarthquakeCagayan
Earthquake Information No.2
Date and Time: 03 Feb 2022 - 12:47 PM
Magnitude = 4.6
Depth = 055 kilometers
Location = 20.00N, 121.57E - 065 km N 34¬∞ W of Babuyan Island (Calayan) (Cagayan)

https://t.co/AXFt1ullIM https://t.co/yw7o667RFL",REAL
PHIVOLCS-DOST,"#EarthquakePH #EarthquakeAgusanDelSur
Earthquake Information No.1
Date and Time: 04 Feb 2022 - 10:50 AM
Magnitude = 2.1
Depth = 074 kilometers
Location = 08.40N, 125.63E - 018 km S 72¬∞ W of Talacogon (Agusan Del Sur)

https://t.co/EEac9ZEqt5 https://t.co/TySUP0baw2",REAL
PHIVOLCS-DOST,"#EarthquakePH #EarthquakeMaguindanao
Earthquake Information No.1
Date and Time: 04 Feb 2022 - 09:47 AM
Magnitude = 1.9
Depth = 038 kilometers
Location = 07.27N, 124.13E - 014 km N 52¬∞ W of City Of Cotabato (Maguindanao)

https://t.co/7zTfob2tXN https://t.co/7Pezx5HxJX",REAL
DZBB Super Radyo,"RT @gmanews: A fire broke out at the Russian Embassy in Barangay Dasmari√±as, Makati City on Friday night, the Bureau of Fire Protection sai‚Ä¶",REAL
DZBB Super Radyo,"780,000 doses ng mga bakuna kontra COVID-19 ng Pfizer na gagamitin para sa mga edad 5 hanggang 11, dumating na sa bansa. | via @olanbola 

https://t.co/wDI0h6M4O9",REAL
DZBB Super Radyo,"Sunog, sumiklab sa isang residential area sa Makati City. #SuperBalitaSaGabi

https://t.co/wDI0h6M4O9",REAL
DZBB Super Radyo,"Kabuuan ng unang araw ng bar examinations na idinaos sa tatlong unibersidad sa Maynila, mapayapa, ayon sa Manila Police District. #SuperBalitaSaGabi

https://t.co/wDI0h6M4O9",REAL
DZBB Super Radyo,"Mga alituntunin sa pisikal na pangangampanya sa #Eleksiyon2022 sa ilalim ng new normal, tinalakay sa unang coordination meeting ng COMELEC at ng ilang ahensya ng gobyerno. #SuperBalitaSaGabi

https://t.co/wDI0h6M4O9",REAL
DZBB Super Radyo,"Pangulong Duterte, umapela sa mga senador na huwag makisawsaw sa mga transaksyon ng mga negosyante kaugnay sa bentahan ng shares sa Malampaya gas field. #SuperBalitaSaGabi

https://t.co/wDI0h6M4O9",REAL
DZBB Super Radyo,"Pag-quarantine ni Pangulong Rodrigo Duterte, tapos na kahapon. #SuperBalitaSaGabi

https://t.co/wDI0h6M4O9",REAL
DZBB Super Radyo,"Malaca√±ang, ibinasura ang mungkahi ni Presidential Adviser for Entrepreneurship Joey Concepcion na ""no booster, no entry"" sa mga establisimyento sa Metro Manila. #SuperBalitaSaGabi

https://t.co/wDI0h6M4O9",REAL
DZBB Super Radyo,"Malaking bilang ng Pfizer vaccines para sa mga batang edad 5 hanggang 11, mapupunta sa Metro Manila. #SuperBalitaSaGabi

https://t.co/wDI0h6M4O9",REAL
DZBB Super Radyo,"National Capital Region at tatlong rehiyon sa bansa, nasa moderate risk classification na, ayon sa DOH; Hospital admissions, bumaba na rin. #SuperBalitaSaGabi

https://t.co/wDI0h6M4O9",REAL
GMA News Breaking,RT @llanescajourno: Vice President Leni Robredo visits typhoon Odette-hit towns of Del Carmen and Socorro in Siargao today for the turnover‚Ä¶,REAL
GMA News Breaking,"JUST IN: Comelec Campaign Committee held its first meeting on February 3, 2022 with the DOH, PNP, AFP &amp; DILG to discuss implementation of guidelines on in-person campaigning for #Eleksyon2022 under the new normal. (Photo from Comelec) | via @tinapperez https://t.co/UkJSjBij8l",REAL
GMA News Breaking,"RT @gmanews: Naitala ang 8,564 na bagong kaso ng COVID-19 sa buong bansa ngayong araw, February 4, 2022. Umabot na sa 151,389 ang bilang ng‚Ä¶",REAL
GMA News Breaking,RT @beamicallerrr: JUST IN: PBA board allows TNT to include some players in the Gilas Pilipinas lineup that will see action in the February‚Ä¶,REAL
GMA News Breaking,"RT @jpsoriano: LOOK: Canada through its embassy is providing 837,000 non-medical respirator face masks to the DOH as part of its commitment‚Ä¶",REAL
GMA News Breaking,"RT @llanescajourno: Nograles clarifies that President Duterte's last exposure to a COVID-19 case happened last January 28 and as such, his‚Ä¶",REAL
GMA News Breaking,RT @llanescajourno: Acting presidential spokesperson Karlo Nograles on President Rodrigo Duterte: He is as healthy as any healthy individua‚Ä¶,REAL
GMA News Breaking,"RT @gmanews: Nitong Enero 2022, ang headline inflation o ang pagtaas ng presyo ng mga produkto at serbisyo sa bansa ay bumagal sa antas na‚Ä¶",REAL
GMA News Breaking,RT @tinapperez: Natl Union of Peoples‚Äô Lawyers to all Bar Candidates: As you embark on the final leg of the journey for which you prepared‚Ä¶,REAL
GMA News Breaking,"RT @_jamesJA: Health and safety protocols, mahigpit na ipinatutupad sa UST kung saan may kukuha ng Bar Exams ngayong araw. @gmanews https:/‚Ä¶",REAL
State of the Nation - GMA News,"VIDEO: State of the Nation Livestream: February 3, 2022 - Replay https://t.co/a4VUDnZxlj https://t.co/RPLQa0yoti",REAL
State of the Nation - GMA News,"VIDEO: Online group na nag-aalok gumawa ng essay, thesis at assignment ng mga estudyante kapalit ng pera, bistado https://t.co/VZGY0f0aNJ https://t.co/pONtkUWNnO",REAL
State of the Nation - GMA News,"VIDEO: Rider na pumasa sa Criminology Licensure Exam, nag-alok ng libreng sakay https://t.co/XLhOPoIaZM https://t.co/iQQUUMDJeC",REAL
State of the Nation - GMA News,"VIDEO: State of the Nation Livestream: February 2, 2022 - Replay https://t.co/2BSvr8RDJ2 https://t.co/7dOEubM5e9",REAL
State of the Nation - GMA News,"VIDEO: Wedding proposal ng isang vlogger sa kanyang girlfriend, idinaan sa 'What's in the box' challenge https://t.co/T5AQJlrhEI https://t.co/nqDwi0Zc4b",REAL
State of the Nation - GMA News,"VIDEO: 'No Vaxx, No Ride Policy' binawi ngayong balik Alert Level 2 ang Metro Manila https://t.co/p1XJQC4j4N https://t.co/m8t9VWPhhm",REAL
State of the Nation - GMA News,"VIDEO: State of the Nation Livestream: February 1, 2022 - Replay https://t.co/bU7Cz2Q57e https://t.co/EGEOtVj7mF",REAL
State of the Nation - GMA News,"VIDEO: Car wash boys, laking tuwa nang makapagpa-picture at mapaandar ang isang sports car https://t.co/BV5WwgWBZJ https://t.co/NktobRJaQc",REAL
State of the Nation - GMA News,"VIDEO: Anim na opisyal ng Pharmally, inirekomendang kasuhan ng syndicated estafa https://t.co/JFaNMrFwCO https://t.co/eOWPoKR0Dq",REAL
State of the Nation - GMA News,"VIDEO: State of the Nation Livestream: January 31, 2022 - Replay https://t.co/C6zKZWD2Wl https://t.co/vMCm4kAWHG",REAL
CLTV36,"Ngayong Sabado, 4PM sa aming official Facebook account at CLTV free channel. 

Tandaan, ang karapatang pantao ay dapat para sa lahat.",REAL
CLTV36,"Kasabay ng pag-alala sa ika tatlumpu't anim na taon ng EDSA People Power, kumusta na nga ba ang demokrasya sa bansa? Kumusta na nga ba ang karapatang pantao ng mamamayan?

Tatalakayin 'yan sa ""Karapatan at Demokrasya: Kahapon, Ngayon at Bukas"" https://t.co/zlnQ7ZCPII",REAL
CLTV36,"#HIRING | Join our team!
Click the assigned link to send your application.

PRODUCER: https://t.co/iNbH9f49zH
MARKETING ASSISTANT: https://t.co/TOxitlgpEa
VIDEO / GRAPHICS EDITOR: https://t.co/OR8syfXzV1
REPORTER: https://t.co/2X75bJXnwB

#jobs https://t.co/cJzEmLjJxz",REAL
CLTV36,"Abangan yan sa PERSPEKTIBA - BOTO KINABUKASAN MO ngayong Biyernes, 4:30 PM LIVE sa aming official Facebook account at sa CLTV free channel.",REAL
CLTV36,"BOTO MO KINABUKASAN MO | SOSYALISMO TUNGO SA PAGBABAGO?

Samahan si AIZELINE DAVID MANZON ukol sa pagtalakay sa SOSYALISMO na isinusulong ni Presidential Aspirant Ka Leody De Guzman at VP Aspirant Walden Bello.

#AnytimeAnywhere #ChooseTruth #Eleksyon2022 https://t.co/v9nLDU1xI7",REAL
CLTV36,Rescheduled. https://t.co/Vrj7cJnaYg,REAL
CLTV36,"Customer Advisory from PrimeWater City of San Fernando, Pampanga üì£ See affected areas on these dates.

ü§ù Reach more customers for your announcements by partnering with us. Email us: info@cltv36.tv https://t.co/0YE6EvMhgO",REAL
CLTV36,"For inquiries and concerns, please do not hesitate to message the official FB Page of PUP Taguig - JMA at https://t.co/iGzaJdnWF2.",REAL
CLTV36,"THEME:
Wonderstruck: Riding the Carousel of Influencer Marketing happening on January 21, 2022, from 2:00 pm to 4:00 pm via the official FB Page of the JMA - PUP Taguig.

#ArangkadaMarketista",REAL
CLTV36,"Catch the adventure of twirly rides and unravel the emerging significance of content-driven campaigns into a seamless experience of Integrated Marketing Communications with PUP Taguig - Junior Marketing Association‚Äôs most awaited event.

#InfluencerMarketing #IMC2022 #puptjma https://t.co/nxbky0Fdwt",REAL
Unknown,tang ina fake news nanaman,FAKE
Unknown,hindi maayos system,FAKE
Unknown,c,FAKE
Unknown,e,FAKE
Unknown,qweqwe,FAKE
Unknown,fake news,FAKE
Unknown,this is not a fake news,FAKE
Unknown,this is a fake newsss,FAKE
Unknown,maayos systm namin,FAKE
Unknown,this is fake,FAKE
Unknown,"def predict():
        if request.method == 'POST':
            message = request.form['message'] 
            message.encode('unicode_escape')
            result_row= []
            author = """"
            msg = """"
            pattern = r""http\S+""
            tweetmsg = """"
            nlink = """"
            link = """"
            if len(message.split())<2:
                print(message)
                print(""cannot predict"")
                pred =['TRY']
                print(pred) 
                tweetmsg = ""Try again with more than 2 words""
                author = ""Unknown""
                link = ""Unknown""
            else:
                with open('finalDataset.csv', encoding='utf-8') as csv_file: #insert the csv
                    csv_read = csv.reader(csv_file, delimiter=',')
                    for row in csv_read:
                        search_terms = [message]
                        if any([term in row[1] for term in search_terms]): #row[2], index of selected column
                            result_row.append(row)
                    if len(result_row) == 1:
                        print(result_row)
                        author = result_row[0][0]
                        msg = result_row[0][1]
                        tweetmsg = re.sub(pattern, """", msg)
                        nlink = listToString(Find(result_row[0][1]))
                        link = nlink.replace(""["", """")
                        pred = fake_news_det(message)
                        if len(link)==0:
                            link = ""None""
                        else:
                            link = link
                        print(author)     
                        print(tweetmsg)   
                        print(link)      
                    else:
                        print(""This search is skipped because is has:"", len(result_row), ""values"") 
                        pred = fake_news_det(message)
                        tweetmsg = message
                        author = ""Unknown""
                        link = ""Unknown""
                        print(author)
                        print(tweetmsg)
                        print(pred)
                        print(link)  
                        if pred != 'REAL':
                            fake = [""Unknown"",  message, ""FAKE""]
                            with open('fakeNews.csv', 'a') as fake_object:
                                fakeData = writer(fake_object)
                                fakeData.writerow(fake)
                        else:
                            pred =['FAKE']
                            print(pred)                
            return render_template('results.html', prediction=pred,usertxtauthor=author,usertxt=tweetmsg,userlink=link)
        else:
            return render_template('results.html', prediction=""Something went wrong"")",FAKE
Unknown,qweqwe qweqweqw qweqwe,FAKE
Unknown,qweqwe qweqwe qweqwe,FAKE
Unknown,two words is,FAKE
Unknown,twooo words,FAKE
Unknown,reggienel patwaran,FAKE
Unknown,"<div class=""col-auto""><button class=""btn btn-dark btn-lg "" id=""submitButton"" type=""submit"">Detect Again</button></div>",FAKE
Unknown,Balikan sa  ang kuwento ng Pinay junior tennis star na si Alex Eala.,FAKE
Unknown,"asdq sa ""Sports U"" ang kuwento ng Pinay junior tennis star na si Alex Eala.",FAKE
Unknown,"Balikan sa ""Sports U"" ang kuwento ng Pinay junior tennis star na si Alex ada",FAKE
Unknown,Kris Aquino is Dead,FAKE
Unknown,Boy Abunda for President,FAKE
Unknown,qweq qweq wqe1,FAKE
Unknown,"Balikan sa ""Sports U"" ang kuwento ng Pinay junior tennis star na si Jonathan Vital",FAKE
Unknown,5 presidential bets sumalang sa forum; Marcos absent #Halalan2022,FAKE
Unknown,"The Manila mayor stresses the country's interests must always come first when signing deals with foreign investors. #KBPForum 
#PanataSaBayan
#TheFilipinoVotes Flag of Philippines  

Read the story: https://bit.ly/3sgMvz5
",FAKE
Unknown,"Bonnici: We need ideas and collaboration but we also need decisions about future societies and systems to be inclusive of voices of people who don‚Äôt normally get a voice.
",FAKE
Unknown,"WE ARE NOW 1 MILLION STRONG ON TIKTOK! Flexed biceps

Maraming salamat sa inyong suporta sa 24 Oras TikTok account, mga Kapuso! ",FAKE
Unknown,"The plane carrying the 1st batch of Pfizer vaccines for the PHs immunization of 5-11 y/o kids arrived at NAIA T3 at 9:30pm.

The rollout for the age group supposed to begin today was moved to Feb 7 for NCR & nearby provinces after a delay in the vaxx arrival | 
@anjo_bagaoisan",FAKE
Unknown,"780,000 Pfizer vaccines, which the PH govt bought through World Bank, form the batch that arrived on Friday.

Only Pfizer is currently approved for use by the PH FDA for 5-11 year olds. The dose for the age group is a different formulation from that given to older ages.",FAKE
Unknown,"NTF COVID-19 chief implementer Sec. Carlito Galvez Jr & US Embassy charge daffaires Heather Variava lead the delegation that welcomed the arrival of the first batch of vaccines for 5-11 year olds | via 
@anjo_bagaoisan
",FAKE
Unknown,"Representatives for Arena of Valor, FIFA Online 4, League of Legends (PC), and Crossfire have yet to be determined.",FAKE
Unknown,"LOOK: Philippines' flag bearer Asa Miller leads the delegation as they enter the stadium during the opening ceremony of the Beijing 2022 Winter Olympic Games on Friday. (üì∑Jewel Samad, AFP)

Related report: https://t.co/9R2PYPq40v https://t.co/WL6AIzLrE2",FAKE
Unknown,"Chinese New Year na bukas! Naniniwala ba kayo sa suwerte? Iparinig ang #BosesMo at maaari itong ipalabas sa #24Oras!

STITCH THIS VIDEO:  https://t.co/uDhcE4C1Ea https://t.co/cADG5oBdEl",FAKE
Unknown,"Galvez says immunization of 5-11 year olds will proceed despite a court petition in Quezon City by 2 parents to stop the drive.

May kumpiyansa kami na makikita ng ating judges yong magiging merit ng TRO, and we are confident that",FAKE
Unknown,"Galvez: many people, many parents, & also overwhelmingly ang ating mamamayan susuportahan tayo dahil nakikita natin na malaki ang pakinabang ng bakuna dito sa pandemya. We cannot go out to the new normal w/o the vaccine. So nakikita namin we will proceed. | 
@anjo_bagaoisan",FAKE
Unknown,"Its confirmed: Barbie Imperial and Diego Loyzaga have broken up.
",FAKE
